LocationID,Borough,Zone,service_zone,longitude,latitude
1,EWR,Newark Airport,EWR,-74.1740016,40.6918302
2,Queens,Jamaica Bay,Boro Zone,-73.8312998,40.6167462
3,Bronx,Allerton/Pelham Gardens,Boro Zone,-73.8474218,40.8644737
4,Manhattan,Alphabet City,Yellow Zone,-73.9769683,40.7237521
5,Staten Island,Arden Heights,Boro Zone,-74.1884846,40.5526588
6,Staten Island,Arrochar/Fort Wadsworth,Boro Zone,-74.0717702,40.6003244
7,Queens,Astoria,Boro Zone,-73.9196943,40.7614926
8,Queens,Astoria Park,Boro Zone,-73.9230863,40.7785586
9,Queens,Auburndale,Boro Zone,-73.7879488,40.7510344
10,Queens,Baisley Park,Boro Zone,-73.7909868,40.6789531
11,Brooklyn,Bath Beach,Boro Zone,-74.0074878,40.6042727
12,Manhattan,Battery Park,Yellow Zone,-74.0155635,40.7029458
13,Manhattan,Battery Park City,Yellow Zone,-74.0160793,40.7120379
14,Brooklyn,Bay Ridge,Boro Zone,-74.0298925,40.6248337
15,Queens,Bay Terrace/Fort Totten,Boro Zone,-73.7859729,40.783333
16,Queens,Bayside,Boro Zone,-73.7734211,40.7627375
17,Brooklyn,Bedford,Boro Zone,-73.9499048,40.691507
18,Bronx,Bedford Park,Boro Zone,-73.8901838,40.8676822
19,Queens,Bellerose,Boro Zone,-73.7266554,40.7354865
20,Bronx,Belmont,Boro Zone,-73.8858674,40.8577794
21,Brooklyn,Bensonhurst East,Boro Zone,-73.9835378,40.6014291
22,Brooklyn,Bensonhurst West,Boro Zone,-73.9952586,40.6122177
23,Staten Island,Bloomfield/Emerson Hill,Boro Zone,-74.1708851,40.6064482
24,Manhattan,Bloomingdale,Yellow Zone,-73.9654794,40.8019705
25,Brooklyn,Boerum Hill,Boro Zone,-73.9861137,40.6856337
26,Brooklyn,Borough Park,Boro Zone,-73.9886606,40.6309493
27,Queens,Breezy Point/Fort Tilden/Riis Beach,Boro Zone,-73.906912,40.5591348
28,Queens,Briarwood/Jamaica Hills,Boro Zone,-73.8087292,40.7115965
29,Brooklyn,Brighton Beach,Boro Zone,-73.9612166,40.5809218
30,Queens,Broad Channel,Boro Zone,-73.8219275,40.6036869
31,Bronx,Bronx Park,Boro Zone,-73.875476,40.8577457
32,Bronx,Bronxdale,Boro Zone,-73.8649009,40.864002
33,Brooklyn,Brooklyn Heights,Boro Zone,-73.9952501,40.6957981
34,Brooklyn,Brooklyn Navy Yard,Boro Zone,-73.9711886,40.7008557
35,Brooklyn,Brownsville,Boro Zone,-73.9102578,40.6640029
36,Brooklyn,Bushwick North,Boro Zone,-73.9177096,40.7005221
37,Brooklyn,Bushwick South,Boro Zone,-73.9222369,40.694994
38,Queens,Cambria Heights,Boro Zone,-73.7355541,40.6943412
39,Brooklyn,Canarsie,Boro Zone,-73.8997347,40.6380369
40,Brooklyn,Carroll Gardens,Boro Zone,-73.9959562,40.679199
41,Manhattan,Central Harlem,Boro Zone,-73.951292,40.8043339
42,Manhattan,Central Harlem North,Boro Zone,-73.9407721,40.8182573
43,Manhattan,Central Park,Yellow Zone,-73.9655554,40.782477
44,Staten Island,Charleston/Tottenville,Boro Zone,-74.2335355,40.5254911
45,Manhattan,Chinatown,Yellow Zone,-73.9981515,40.7124593
46,Bronx,City Island,Boro Zone,-73.7819876,40.8490857
47,Bronx,Claremont/Bathgate,Boro Zone,-73.9003169,40.8427484
48,Manhattan,Clinton East,Yellow Zone,-73.9898449,40.7622526
49,Brooklyn,Clinton Hill,Boro Zone,-73.9623634,40.6879672
50,Manhattan,Clinton West,Yellow Zone,-73.9951353,40.7662376
51,Bronx,Co-Op City,Boro Zone,-73.8282634,40.8739724
52,Brooklyn,Cobble Hill,Boro Zone,-73.9967241,40.6866512
53,Queens,College Point,Boro Zone,-73.842813,40.7809117
54,Brooklyn,Columbia Street,Boro Zone,-74.0029114,40.6872006
55,Brooklyn,Coney Island,Boro Zone,-73.9879436,40.5769613
56,Queens,Corona,Boro Zone,-73.8588453,40.7414067
57,Queens,Corona,Boro Zone,-73.8535815,40.7518193
58,Bronx,Country Club,Boro Zone,-73.8203933,40.8414519
59,Bronx,Crotona Park,Boro Zone,-73.8949859,40.8385503
60,Bronx,Crotona Park East,Boro Zone,-73.8859003,40.8339904
61,Brooklyn,Crown Heights North,Boro Zone,-73.9392869,40.6744697
62,Brooklyn,Crown Heights South,Boro Zone,-73.9487883,40.6665407
63,Brooklyn,Cypress Hills,Boro Zone,-73.8781729,40.6838399
64,Queens,Douglaston,Boro Zone,-73.7393365,40.7606145
65,Brooklyn,Downtown Brooklyn/MetroTech,Boro Zone,-73.9860859,40.6953375
66,Brooklyn,DUMBO/Vinegar Hill,Boro Zone,-73.9857016,40.7022589
67,Brooklyn,Dyker Heights,Boro Zone,-74.0138023,40.619619
68,Manhattan,East Chelsea,Yellow Zone,-73.9999178,40.7484273
69,Bronx,East Concourse/Concourse Village,Boro Zone,-73.9150301,40.8314163
70,Queens,East Elmhurst,Boro Zone,-73.8683954,40.7633521
71,Brooklyn,East Flatbush/Farragut,Boro Zone,-73.9379662,40.6442877
72,Brooklyn,East Flatbush/Remsen Village,Boro Zone,-73.922251,40.6523644
73,Queens,East Flushing,Boro Zone,-73.8072941,40.7541089
74,Manhattan,East Harlem North,Boro Zone,-73.9373457,40.8011691
75,Manhattan,East Harlem South,Boro Zone,-73.9457502,40.7900107
76,Brooklyn,East New York,Boro Zone,-73.8768202,40.6609342
77,Brooklyn,East New York/Pennsylvania Avenue,Boro Zone,-73.8953639,40.6665587
78,Bronx,East Tremont,Boro Zone,-73.8855215,40.8449604
79,Manhattan,East Village,Yellow Zone,-73.9859375,40.7276201
80,Brooklyn,East Williamsburg,Boro Zone,-73.9367936,40.7153696
81,Bronx,Eastchester,Boro Zone,-73.8366444,40.8809351
82,Queens,Elmhurst,Boro Zone,-73.8771183,40.7394953
83,Queens,Elmhurst/Maspeth,Boro Zone,-73.8921734,40.7383239
84,Staten Island,Eltingville/Annadale/Prince's Bay,Boro Zone,-74.1876793,40.5286856
85,Brooklyn,Erasmus,Boro Zone,-73.9516233,40.6461162
86,Queens,Far Rockaway,Boro Zone,-73.7552433,40.6024327
87,Manhattan,Financial District North,Yellow Zone,-74.007496,40.7068084
88,Manhattan,Financial District South,Yellow Zone,-74.011515,40.7033579
89,Brooklyn,Flatbush/Ditmas Park,Boro Zone,-73.9609681,40.6378996
90,Manhattan,Flatiron,Yellow Zone,-73.9969715,40.7422786
91,Brooklyn,Flatlands,Boro Zone,-73.9300972,40.6262725
92,Queens,Flushing,Boro Zone,-73.8288585,40.7611014
93,Queens,Flushing Meadows-Corona Park,Boro Zone,-73.8408652,40.7406738
94,Bronx,Fordham South,Boro Zone,-73.8995359,40.8581552
95,Queens,Forest Hills,Boro Zone,-73.8476691,40.7214316
96,Queens,Forest Park/Highland Park,Boro Zone,-73.8715613,40.6970015
97,Brooklyn,Fort Greene,Boro Zone,-73.974882,40.6907866
98,Queens,Fresh Meadows,Boro Zone,-73.7772534,40.7344626
99,Staten Island,Freshkills Park,Boro Zone,-74.1864208,40.5767726
100,Manhattan,Garment District,Yellow Zone,-73.9887866,40.7535127
101,Queens,Glen Oaks,Boro Zone,-73.7110254,40.7459931
102,Queens,Glendale,Boro Zone,-73.875737,40.7035461
103,Manhattan,Governor's Island/Ellis Island/Liberty Island,Yellow Zone,-74.0452883,40.6898601
104,Manhattan,Governor's Island/Ellis Island/Liberty Island,Yellow Zone,-74.0407708,40.6987687
105,Manhattan,Governor's Island/Ellis Island/Liberty Island,Yellow Zone,-74.0190729,40.6887842
106,Brooklyn,Gowanus,Boro Zone,-73.9906476,40.6735127
107,Manhattan,Gramercy,Yellow Zone,-73.9840521,40.736824
108,Brooklyn,Gravesend,Boro Zone,-73.9814314,40.5884036
109,Staten Island,Great Kills,Boro Zone,-74.1508903,40.551862
110,Staten Island,Great Kills Park,Boro Zone,-74.1283431,40.5457797
111,Brooklyn,Green-Wood Cemetery,Boro Zone,-73.9902344,40.6521372
112,Brooklyn,Greenpoint,Boro Zone,-73.94954,40.7295062
113,Manhattan,Greenwich Village North,Yellow Zone,-73.9943047,40.732579
114,Manhattan,Greenwich Village South,Yellow Zone,-73.9973802,40.7283404
115,Staten Island,Grymes Hill/Clifton,Boro Zone,-74.0878388,40.617971
116,Manhattan,Hamilton Heights,Boro Zone,-73.9485218,40.8270126
117,Queens,Hammels/Arverne,Boro Zone,-73.7896233,40.5940592
118,Staten Island,Heartland Village/Todt Hill,Boro Zone,-74.1329845,40.5865548
119,Bronx,Highbridge,Boro Zone,-73.9261576,40.8378268
120,Manhattan,Highbridge Park,Boro Zone,-73.9301832,40.8466669
121,Queens,Hillcrest/Pomonok,Boro Zone,-73.8024439,40.7283329
122,Queens,Hollis,Boro Zone,-73.7611369,40.7106391
123,Brooklyn,Homecrest,Boro Zone,-73.9643335,40.5999539
124,Queens,Howard Beach,Boro Zone,-73.8449181,40.6582475
125,Manhattan,Hudson Sq,Yellow Zone,-74.0074858,40.7262904
126,Bronx,Hunts Point,Boro Zone,-73.885537,40.8120742
127,Manhattan,Inwood,Boro Zone,-73.9193084,40.8660749
128,Manhattan,Inwood Hill Park,Boro Zone,-73.9243699,40.8723788
129,Queens,Jackson Heights,Boro Zone,-73.8853173,40.7573118
130,Queens,Jamaica,Boro Zone,-73.7939811,40.704369
131,Queens,Jamaica Estates,Boro Zone,-73.7761011,40.7206555
132,Queens,JFK Airport,Airports,-73.7865299,40.6469851
133,Brooklyn,Kensington,Boro Zone,-73.9761988,40.6405899
134,Queens,Kew Gardens,Boro Zone,-73.8287124,40.708051
135,Queens,Kew Gardens Hills,Boro Zone,-73.821195,40.7283773
136,Bronx,Kingsbridge Heights,Boro Zone,-73.9059113,40.8652641
137,Manhattan,Kips Bay,Yellow Zone,-73.9764947,40.7404389
138,Queens,LaGuardia Airport,Airports,-73.8736284,40.7743758
139,Queens,Laurelton,Boro Zone,-73.7442348,40.6770975
140,Manhattan,Lenox Hill East,Yellow Zone,-73.9547391,40.765484
141,Manhattan,Lenox Hill West,Yellow Zone,-73.959635,40.7669481
142,Manhattan,Lincoln Square East,Yellow Zone,-73.9815324,40.7736332
143,Manhattan,Lincoln Square West,Yellow Zone,-73.9876457,40.7759651
144,Manhattan,Little Italy/NoLiTa,Yellow Zone,-73.9969186,40.7208888
145,Queens,Long Island City/Hunters Point,Boro Zone,-73.9488916,40.7453793
146,Queens,Long Island City/Queens Plaza,Boro Zone,-73.9348289,40.7542425
147,Bronx,Longwood,Boro Zone,-73.8989565,40.8196757
148,Manhattan,Lower East Side,Yellow Zone,-73.9908964,40.7189383
149,Brooklyn,Madison,Boro Zone,-73.9481356,40.6049135
150,Brooklyn,Manhattan Beach,Boro Zone,-73.9436287,40.5804734
151,Manhattan,Manhattan Valley,Yellow Zone,-73.9681682,40.797962
152,Manhattan,Manhattanville,Boro Zone,-73.9537822,40.8179751
153,Manhattan,Marble Hill,Boro Zone,-73.9103786,40.8759678
154,Brooklyn,Marine Park/Floyd Bennett Field,Boro Zone,-73.9025952,40.5935711
155,Brooklyn,Marine Park/Mill Basin,Boro Zone,-73.9152773,40.6145913
156,Staten Island,Mariners Harbor,Boro Zone,-74.1672343,40.6313077
157,Queens,Maspeth,Boro Zone,-73.9023308,40.7239949
158,Manhattan,Meatpacking/West Village West,Yellow Zone,-74.0089842,40.7350352
159,Bronx,Melrose South,Boro Zone,-73.9128493,40.8182598
160,Queens,Middle Village,Boro Zone,-73.8800512,40.7183368
161,Manhattan,Midtown Center,Yellow Zone,-73.977698,40.758028
162,Manhattan,Midtown East,Yellow Zone,-73.9723562,40.7566875
163,Manhattan,Midtown North,Yellow Zone,-73.9775686,40.7644214
164,Manhattan,Midtown South,Yellow Zone,-73.9851564,40.7485745
165,Brooklyn,Midwood,Boro Zone,-73.9568244,40.6209238
166,Manhattan,Morningside Heights,Boro Zone,-73.9617637,40.8094568
167,Bronx,Morrisania/Melrose,Boro Zone,-73.9023521,40.8275126
168,Bronx,Mott Haven/Port Morris,Boro Zone,-73.9168215,40.8073471
169,Bronx,Mount Hope,Boro Zone,-73.9051225,40.8490583
170,Manhattan,Murray Hill,Yellow Zone,-73.9784916,40.7477457
171,Queens,Murray Hill-Queens,Boro Zone,-73.8095453,40.7683516
172,Staten Island,New Dorp/Midland Beach,Boro Zone,-74.1050188,40.5717688
173,Queens,North Corona,Boro Zone,-73.8630376,40.7525792
174,Bronx,Norwood,Boro Zone,-73.8790222,40.8771374
175,Queens,Oakland Gardens,Boro Zone,-73.7546218,40.7426711
176,Staten Island,Oakwood,Boro Zone,-74.122583,40.5619941
177,Brooklyn,Ocean Hill,Boro Zone,-73.9136323,40.676644
178,Brooklyn,Ocean Parkway South,Boro Zone,-73.9703256,40.6173147
179,Queens,Old Astoria,Boro Zone,-73.928333,40.7715702
180,Queens,Ozone Park,Boro Zone,-73.8470429,40.675595
181,Brooklyn,Park Slope,Boro Zone,-73.9814143,40.670374
182,Bronx,Parkchester,Boro Zone,-73.8579869,40.8377486
183,Bronx,Pelham Bay,Boro Zone,-73.8315818,40.8491725
184,Bronx,Pelham Bay Park,Boro Zone,-73.8078583,40.8682751
185,Bronx,Pelham Parkway,Boro Zone,-73.8543939,40.8544049
186,Manhattan,Penn Station/Madison Sq West,Yellow Zone,-73.9924375,40.7484972
187,Staten Island,Port Richmond,Boro Zone,-74.1407887,40.6281659
188,Brooklyn,Prospect-Lefferts Gardens,Boro Zone,-73.9474419,40.6587447
189,Brooklyn,Prospect Heights,Boro Zone,-73.9675867,40.6776353
190,Brooklyn,Prospect Park,Boro Zone,-73.9689138,40.6616217
191,Queens,Queens Village,Boro Zone,-73.7415315,40.7154538
192,Queens,Queensboro Hill,Boro Zone,-73.8152292,40.7437519
193,Queens,Queensbridge/Ravenswood,Boro Zone,-73.9419973,40.7603135
194,Manhattan,Randalls Island,Yellow Zone,-73.9245967,40.7910005
195,Brooklyn,Red Hook,Boro Zone,-74.0091784,40.6755486
196,Queens,Rego Park,Boro Zone,-73.8633384,40.7261552
197,Queens,Richmond Hill,Boro Zone,-73.8309243,40.6945424
198,Queens,Ridgewood,Boro Zone,-73.9017092,40.7065268
199,Bronx,Rikers Island,Boro Zone,-73.882658,40.7911329
200,Bronx,Riverdale/North Riverdale/Fieldston,Boro Zone,-73.9069875,40.8995284
201,Queens,Rockaway Park,Boro Zone,-73.8434544,40.577983
202,Manhattan,Roosevelt Island,Boro Zone,-73.9499527,40.7618993
203,Queens,Rosedale,Boro Zone,-73.7394739,40.6578524
204,Staten Island,Rossville/Woodrow,Boro Zone,-74.2078258,40.5403331
205,Queens,Saint Albans,Boro Zone,-73.7631461,40.6912008
206,Staten Island,Saint George/New Brighton,Boro Zone,-74.1023144,40.6389731
207,Queens,Saint Michaels Cemetery/Woodside,Boro Zone,-73.8993526,40.7639856
208,Bronx,Schuylerville/Edgewater Park,Boro Zone,-73.8235389,40.8233178
209,Manhattan,Seaport,Yellow Zone,-74.0036645,40.7090727
210,Brooklyn,Sheepshead Bay,Boro Zone,-73.9405073,40.5920236
211,Manhattan,SoHo,Yellow Zone,-74.0015376,40.7238881
212,Bronx,Soundview/Bruckner,Boro Zone,-73.86968,40.8279023
213,Bronx,Soundview/Castle Hill,Boro Zone,-73.8581349,40.8178587
214,Staten Island,South Beach/Dongan Hills,Boro Zone,-74.0855124,40.5867864
215,Queens,South Jamaica,Boro Zone,-73.7909648,40.6944275
216,Queens,South Ozone Park,Boro Zone,-73.8194595,40.6761537
217,Brooklyn,South Williamsburg,Boro Zone,-73.9585968,40.7039165
218,Queens,Springfield Gardens North,Boro Zone,-73.7730356,40.6720899
219,Queens,Springfield Gardens South,Boro Zone,-73.764505,40.6621855
220,Bronx,Spuyten Duyvil/Kingsbridge,Boro Zone,-73.9106649,40.8824031
221,Staten Island,Stapleton,Boro Zone,-74.0737034,40.6187681
222,Brooklyn,Starrett City,Boro Zone,-73.8824127,40.6475269
223,Queens,Steinway,Boro Zone,-73.9054074,40.7774267
224,Manhattan,Stuy Town/Peter Cooper Village,Yellow Zone,-73.9765976,40.7318206
225,Brooklyn,Stuyvesant Heights,Boro Zone,-73.9318878,40.6881681
226,Queens,Sunnyside,Boro Zone,-73.9246728,40.7376979
227,Brooklyn,Sunset Park East,Boro Zone,-74.0046526,40.6418861
228,Brooklyn,Sunset Park West,Boro Zone,-74.0112729,40.6523542
229,Manhattan,Sutton Place/Turtle Bay North,Yellow Zone,-73.9651458,40.7567289
230,Manhattan,Times Sq/Theatre District,Yellow Zone,-73.9841966,40.7598176
231,Manhattan,TriBeCa/Civic Center,Yellow Zone,-74.0078797,40.7177726
232,Manhattan,Two Bridges/Seward Park,Yellow Zone,-73.9830247,40.7147325
233,Manhattan,UN/Turtle Bay South,Yellow Zone,-73.9704426,40.749914
234,Manhattan,Union Sq,Yellow Zone,-73.9904579,40.7403374
235,Bronx,University Heights/Morris Heights,Boro Zone,-73.9159758,40.852521
236,Manhattan,Upper East Side North,Yellow Zone,-73.9570119,40.7804363
237,Manhattan,Upper East Side South,Yellow Zone,-73.9656347,40.7686151
238,Manhattan,Upper West Side North,Yellow Zone,-73.9730488,40.7917049
239,Manhattan,Upper West Side South,Yellow Zone,-73.9786319,40.7839614
240,Bronx,Van Cortlandt Park,Boro Zone,-73.8819774,40.8945987
241,Bronx,Van Cortlandt Village,Boro Zone,-73.8956202,40.8765121
242,Bronx,Van Nest/Morris Park,Boro Zone,-73.8506712,40.8467832
243,Manhattan,Washington Heights North,Boro Zone,-73.9328317,40.857108
244,Manhattan,Washington Heights South,Boro Zone,-73.9413993,40.8417084
245,Staten Island,West Brighton,Boro Zone,-74.1028602,40.6300492
246,Manhattan,West Chelsea/Hudson Yards,Yellow Zone,-74.0040155,40.7533088
247,Bronx,West Concourse,Boro Zone,-73.9244099,40.8289874
248,Bronx,West Farms/Bronx River,Boro Zone,-73.8722896,40.8341653
249,Manhattan,West Village,Yellow Zone,-74.002875,40.7345759
250,Bronx,Westchester Village/Unionport,Boro Zone,-73.8486409,40.8321014
251,Staten Island,Westerleigh,Boro Zone,-74.1253478,40.6168802
252,Queens,Whitestone,Boro Zone,-73.8156569,40.7881931
253,Queens,Willets Point,Boro Zone,-73.841244,40.7606307
254,Bronx,Williamsbridge/Olinville,Boro Zone,-73.8589486,40.8821567
255,Brooklyn,Williamsburg (North Side),Boro Zone,-73.9574181,40.7188039
256,Brooklyn,Williamsburg (South Side),Boro Zone,-73.9599046,40.71088
257,Brooklyn,Windsor Terrace,Boro Zone,-73.9779821,40.6536116
258,Queens,Woodhaven,Boro Zone,-73.8557667,40.6887212
259,Bronx,Woodlawn/Wakefield,Boro Zone,-73.8522151,40.8979321
260,Queens,Woodside,Boro Zone,-73.9063072,40.7442336
261,Manhattan,World Trade Center,Yellow Zone,-74.0130228,40.7091389
262,Manhattan,Yorkville East,Yellow Zone,-73.9465105,40.7759323
263,Manhattan,Yorkville West,Yellow Zone,-73.9510101,40.7787657
